Farm_ID,Date,Demand_kg,AvgTemp_C,Rainfall_mm,Price_per_kg,Household_Income
F1,2014-01,406.2,25.4,58,166.76,51995.27
F1,2014-02,509.8,29.5,69.9,245.57,77904.6
F1,2014-03,508.5,31.8,74.4,158.33,71605.51
F1,2014-04,439.2,27.3,173.1,201.64,73316.23
F1,2014-05,289.6,27.5,244.7,163.82,64968.95
F1,2014-06,356.6,25,248.8,193.59,46526.88
F1,2014-07,405.3,26.6,241.7,157.1,65420.93
F1,2014-08,451.5,25.9,276.9,162.03,59087.04
F1,2014-09,395.1,28.1,129.1,177.14,82168.41
F1,2014-10,470.9,24.4,174.1,180.03,77372.8
F1,2014-11,340.2,26.6,75.1,189.37,49469.2
F1,2014-12,419.7,25.2,0,116.9,65182.77
F1,2015-01,362.7,25.4,62.1,178.08,88292.79
F1,2015-02,552.8,30.5,73.5,151.62,59602.29
F1,2015-03,368.5,34.9,71.2,196.03,59479.32
F1,2015-04,456.5,32.3,141.6,218.06,38972.23
F1,2015-05,303.3,30.4,229.3,188.46,85599.07
F1,2015-06,334.3,26,243.7,148.75,67103.89
F1,2015-07,475.7,29.1,154,152.29,54648.82
F1,2015-08,426.8,28.1,227.8,137.85,62769.51
F1,2015-09,406.8,27.6,213,152.66,69264.61
F1,2015-10,327.3,26.5,260.9,175.86,49284.73
F1,2015-11,452.4,26.9,107.3,150.91,48732.31
F1,2015-12,507.9,27.5,47.4,186.44,88451.89
F1,2016-01,379.4,24.5,65.1,165.21,78140.73
F1,2016-02,461.1,35.5,80.8,170.74,74657.7
F1,2016-03,428.7,29.7,70.8,204.81,53213.07
F1,2016-04,411.6,32.1,238.9,204.2,61387.18
F1,2016-05,321.2,29.5,231.5,147.14,65366.81
F1,2016-06,403.5,28.2,228,188.1,50941.43
F1,2016-07,498.1,26.5,215.2,247.05,68563.36
F1,2016-08,497.5,27.9,256.8,146.95,37488.47
F1,2016-09,376.6,24.3,208.3,132.65,70293.9
F1,2016-10,358.1,25.1,119.4,201.21,61928.27
F1,2016-11,318.4,23.5,81,156.97,92159.16
F1,2016-12,464.6,21.9,82.7,161.11,34963.01
F1,2017-01,320.4,29.3,54.6,156.93,86481.81
F1,2017-02,605.4,27.5,0,232.44,75486.98
F1,2017-03,472.4,29,39.6,205.49,46096.04
F1,2017-04,375.6,23.5,197,222.65,38547.88
F1,2017-05,376.7,26.3,178,216.96,66074.63
F1,2017-06,419,25.6,245.5,172.27,69931.96
F1,2017-07,412.3,23.5,279.3,171.42,66589.91
F1,2017-08,370,25,194.6,158.21,72744.03
F1,2017-09,436.6,24.6,217.9,181.63,50554.49
F1,2017-10,440.1,27.1,243.8,169.58,61759.91
F1,2017-11,414.7,24.8,95.6,161.21,53881.27
F1,2017-12,493.2,26,75.2,183.64,55346
F1,2018-01,547.5,25.7,76.5,191.3,33119.32
F1,2018-02,504.2,32.4,61.1,176.02,59867.74
F1,2018-03,563.5,33.5,28.2,217.16,53500.45
F1,2018-04,396.7,31.1,210.2,213.09,52839.27
F1,2018-05,326,28.7,166.8,199.51,72864.89
F1,2018-06,272.2,26,192,156.35,59277.07
F1,2018-07,413.4,27.5,263.6,178.03,70352.16
F1,2018-08,315.1,26.4,179.9,179.47,60815.26
F1,2018-09,503.7,26.8,313.8,154.65,73084.81
F1,2018-10,331.2,30.4,209.2,166.85,39674.13
F1,2018-11,325.8,22.4,90.7,207.52,74256.36
F1,2018-12,496.9,24.2,58.5,184.84,82149.88
F1,2019-01,508.6,25.7,84,160.62,34302.98
F1,2019-02,483.8,29.8,97.1,190.1,60704.71
F1,2019-03,450.2,31.2,61,200.29,70674.22
F1,2019-04,444.6,26.9,143.8,221.02,61735.12
F1,2019-05,441.2,26.1,259,173.32,44694.25
F1,2019-06,368.9,29,186.5,191.17,33618.91
F1,2019-07,486.8,21.9,140.8,126.58,52699.28
F1,2019-08,499.8,28,266.7,135.93,59166.78
F1,2019-09,432.2,25.9,219.2,141.18,58156.33
F1,2019-10,383.8,23.8,196.2,168.75,74327.13
F1,2019-11,314,27,50.3,158.82,38488.67
F1,2019-12,369.6,26.1,66.2,156.01,63209.7
F1,2020-01,358.7,25.6,67.8,154.38,95612.13
F1,2020-02,304.1,28.7,63.8,202,64668.75
F1,2020-03,320.5,30.2,50.6,146.05,44081.06
F1,2020-04,436.7,28.5,167.3,174.16,82199.16
F1,2020-05,331.8,28,318.7,152.34,73892.66
F1,2020-06,248.5,23.2,295.5,147.15,52693.12
F1,2020-07,266.2,24.9,158.6,201.41,56415.78
F1,2020-08,290.1,24.8,154.6,174.45,71270.81
F1,2020-09,261,24.5,246.7,109.25,63895.84
F1,2020-10,205.6,27.3,154.8,151.83,60710.98
F1,2020-11,333.5,27.5,58,214.82,68656.08
F1,2020-12,336.5,26.7,65.9,174.29,57664.84
F1,2021-01,325.7,26.2,67.6,173.91,64346.62
F1,2021-02,349.7,31.7,111.5,169.46,26545.05
F1,2021-03,361.2,33.4,70.4,196.68,37821.21
F1,2021-04,405.2,30.7,257.2,173.46,66057.31
F1,2021-05,255.3,24.3,241.5,171.09,79304.62
F1,2021-06,342.5,25.1,177.8,199.41,75129.04
F1,2021-07,227.9,23.5,161.3,198.4,62707.96
F1,2021-08,399.8,25.6,332.2,223.02,68854.12
F1,2021-09,376.3,26.9,160.5,173.66,58646.59
F1,2021-10,284.7,31.1,239.1,172.46,51257.99
F1,2021-11,302.8,22.7,49.8,150.94,37458.52
F1,2021-12,255.3,23.7,64.8,180.97,57641.79
F1,2022-01,272.1,28.3,107,180.33,48013.34
F1,2022-02,477.2,30,66.7,174.35,70114.21
F1,2022-03,467.1,30.3,67.7,167.86,80828.73
F1,2022-04,432.5,25.8,67,195.8,56177.68
F1,2022-05,320.8,27.1,192.5,205.05,74035.18
F1,2022-06,270.1,27.4,263.6,171.97,58044.82
F1,2022-07,340.4,23.9,225,162.5,70664.4
F1,2022-08,468.4,25.3,222.2,156.86,45939.66
F1,2022-09,462.9,29.5,116.5,190.98,49434.84
F1,2022-10,443,22.9,129.6,194.93,27451.83
F1,2022-11,473.3,24.9,34.9,177.98,59435.48
F1,2022-12,389.6,26.2,92.1,213.1,70083.86
F1,2023-01,467.5,25.2,57.5,176.95,51903.6
F1,2023-02,403.2,30.4,54.4,210.58,67088.96
F1,2023-03,448.1,32,75.1,164.41,50627.72
F1,2023-04,374.9,31,201.3,177.77,38900.08
F1,2023-05,461,23.3,153.8,134.93,91219.72
F1,2023-06,348.4,26.2,184.8,158.49,61830.15
F1,2023-07,356.3,25.8,328,174.85,62697.68
F1,2023-08,385.5,30,183.3,184.16,51563
F1,2023-09,301.5,27.9,231.6,192.88,40209.78
F1,2023-10,450,28.1,188.7,181.2,76211.71
F1,2023-11,304.1,26.9,86.7,168.84,72277.27
F1,2023-12,487.8,26.9,72.7,169.21,70222.51
F1,2024-01,321.7,26.1,70.6,180.02,44362.73
F1,2024-02,444.1,29.5,95.6,176.99,75653.19
F1,2024-03,506.2,30.6,87.4,190.94,78347.56
F1,2024-04,444.6,29,165.8,156.36,33621.02
F1,2024-05,281.8,27.6,156.4,151.63,44937.89
F1,2024-06,383.9,25.9,161.6,148.59,70239.35
F1,2024-07,474.3,24.3,191.7,183.5,43159.17
F1,2024-08,436.3,26.3,219.1,138.6,61109.44
F1,2024-09,318.2,24.8,174.1,193.78,81307.56
F1,2024-10,477.3,24.3,171.5,155.9,49445.7
F1,2024-11,397.6,27.9,117.1,162.25,64287.98
F1,2024-12,377.7,27.3,76.7,135.03,41139.9
F2,2014-01,383.6,24.1,87.7,174.48,59753.66
F2,2014-02,516.4,35.1,93.8,203.64,87700.61
F2,2014-03,567,29.3,81.7,200.15,76000.12
F2,2014-04,445.2,32.8,258.5,186.66,62200.71
F2,2014-05,344.7,24.4,260.3,178.01,56614.3
F2,2014-06,451.6,27.6,200.2,142.8,71193.8
F2,2014-07,464,30.3,232.3,161.97,68070.34
F2,2014-08,443.2,28.4,202.4,161.07,62911.35
F2,2014-09,259.2,23.9,253.7,189.3,52798.02
F2,2014-10,289.1,26.7,206.4,201.31,59013.75
F2,2014-11,317.8,29.8,58.9,166.45,69729.55
F2,2014-12,394,28.2,89.7,183,58512.36
F2,2015-01,406.5,23.9,106.9,165.87,49336.92
F2,2015-02,460,30.1,56.6,200.11,59566.13
F2,2015-03,557.7,29.5,75.4,202.15,45834.47
F2,2015-04,466.9,32.5,216.2,197.5,48639.01
F2,2015-05,402.2,25.4,132.1,156.38,72609.65
F2,2015-06,245.6,25.1,167.4,166.54,49677.6
F2,2015-07,381.9,25,323.6,178.51,45495.36
F2,2015-08,388.9,26,197.6,180.5,86724.38
F2,2015-09,340.1,26.1,156.2,164.38,86965.3
F2,2015-10,350.7,24.9,232,175.51,48021.82
F2,2015-11,501,26.7,106.2,182.7,75743.29
F2,2015-12,396.4,28.6,59.3,178.03,92737.61
F2,2016-01,292.5,26.4,62.6,160.32,55194.79
F2,2016-02,489.4,31,78.5,224.55,66544.86
F2,2016-03,416.2,30.2,70.8,156.63,65988.35
F2,2016-04,485,29,232.4,194.49,75706.47
F2,2016-05,348.3,25.1,284.2,158.54,72007.47
F2,2016-06,388.7,27.1,209,157.49,65937.05
F2,2016-07,345.7,26.5,224.7,164.17,35242.63
F2,2016-08,434.8,25.7,197.5,192.98,33904.29
F2,2016-09,518.1,23.8,181.9,145.08,76615.81
F2,2016-10,306.5,22.9,164.6,171.54,40755.12
F2,2016-11,405.6,25,89.9,142.16,47424.19
F2,2016-12,431.6,27.7,80.4,177.64,66450.62
F2,2017-01,331.4,26.5,90.6,158.98,60725.78
F2,2017-02,521.5,29.7,56.2,178.22,60139.38
F2,2017-03,483.3,30.9,72.8,248.76,46932.99
F2,2017-04,552.5,28.1,220.2,195.53,50239.3
F2,2017-05,361.5,25.7,253.7,179.91,62256.28
F2,2017-06,472.1,30.8,218.2,161.02,61012.48
F2,2017-07,454.5,26.9,209.9,147.14,84501.47
F2,2017-08,477.3,26.6,142.7,190.1,56214.3
F2,2017-09,440.4,28.9,217,189.28,77842.06
F2,2017-10,480.6,27.2,138.6,195.8,56079
F2,2017-11,268.3,23.9,72.4,141.2,83917.58
F2,2017-12,282.9,24,53.1,144.14,50985.39
F2,2018-01,413,24.6,73.4,215.05,74726.48
F2,2018-02,440.9,25,63.5,162.21,35319.02
F2,2018-03,527.7,34.9,90.5,207.07,71383.93
F2,2018-04,406.9,30.2,214.1,174.92,55789.87
F2,2018-05,386.1,25.8,115.4,157.65,31318.45
F2,2018-06,377.7,29,219.8,150.35,56630.5
F2,2018-07,391.7,24.1,227.5,174.45,62407.14
F2,2018-08,407.8,28.8,153.1,172.5,53558.92
F2,2018-09,455.3,27.1,206.1,178.02,67494.56
F2,2018-10,471,28.3,135.2,145.12,49606.42
F2,2018-11,519.1,27.8,55.6,153.44,63592.16
F2,2018-12,296.5,30.4,0,182.68,66206.99
F2,2019-01,341.5,25.7,66.3,202.47,36945.78
F2,2019-02,448.2,32.9,75.4,198.29,48415.44
F2,2019-03,537.2,26.2,41.3,179.32,35654.31
F2,2019-04,403.1,27.8,228.2,174.82,60501.88
F2,2019-05,417.9,27.4,168.9,186.67,30093.97
F2,2019-06,462.5,28.5,218.7,183.9,89198.14
F2,2019-07,328.8,29.5,187,171.52,68081.34
F2,2019-08,276.9,26.3,154,201.67,55398.29
F2,2019-09,426.3,23.6,265.7,163.67,78196.47
F2,2019-10,329.6,30.6,207.1,159.45,65425.15
F2,2019-11,418.2,27.2,80.1,143.38,32456.92
F2,2019-12,355.5,23.8,80.2,186.73,60469
F2,2020-01,330.8,26,75,207.94,64010.88
F2,2020-02,310.3,28.7,76.4,185.37,79696.03
F2,2020-03,425.7,30.9,91.7,193.74,60155.29
F2,2020-04,291.3,27.9,134.4,197.45,60809.83
F2,2020-05,241.4,22,203.2,186.35,45502.24
F2,2020-06,351.7,24.6,220.9,146.71,53836.03
F2,2020-07,315.8,25.4,169.3,180.74,36985.52
F2,2020-08,345.9,27,245.6,157.2,74840.54
F2,2020-09,359.8,22.4,141.5,106.81,72946.5
F2,2020-10,207.2,26.2,160.2,151.56,59535.92
F2,2020-11,233.8,25.7,93.9,159.53,25459.55
F2,2020-12,312.8,24.3,61.1,190.44,43187.66
F2,2021-01,321.7,25,83.6,162.92,64148.16
F2,2021-02,378.9,28.7,86,209.16,62048.03
F2,2021-03,217.8,29.1,74.7,165.44,70203.98
F2,2021-04,315,29.1,257.9,215.15,48648.07
F2,2021-05,276.2,25,137.4,195.67,50347.23
F2,2021-06,346.3,26.1,246.4,167.32,76087.61
F2,2021-07,208.6,25.6,227.8,134,56681.2
F2,2021-08,318.2,26.6,186.2,175.16,64238.7
F2,2021-09,332.7,25.7,260.7,181.68,65995.32
F2,2021-10,349,24.9,167.4,179.36,85533.22
F2,2021-11,341.6,26.2,32,197.82,57923.16
F2,2021-12,310.6,25.6,45.5,208.12,65920.07
F2,2022-01,452.7,23.8,59.7,170.29,48226.53
F2,2022-02,435.4,29.8,83,204.45,54407.5
F2,2022-03,514.3,29.2,104.5,154.78,37115.16
F2,2022-04,558.5,28.9,263.1,220.84,90091.39
F2,2022-05,416.5,28.4,303.1,186.56,59894.36
F2,2022-06,422.1,28.2,265.6,171.77,82162.95
F2,2022-07,340.3,25.6,142.9,167.3,67200.89
F2,2022-08,401.6,26.4,131.7,194.42,68731.47
F2,2022-09,503.9,24.1,188.7,131.25,41199.78
F2,2022-10,270,23.2,217.4,172.82,33473.41
F2,2022-11,382.8,25.7,76.5,166.1,54467.55
F2,2022-12,438.3,25.6,78,169.45,86583.77
F2,2023-01,463.7,25.1,103.2,148.04,65929.64
F2,2023-02,370.3,30.7,58.5,170.47,46613.16
F2,2023-03,404.4,29.6,77.1,221.36,52108.83
F2,2023-04,415.7,30.2,199.3,194.94,61309.97
F2,2023-05,263.6,26.2,235.1,159.42,71913.97
F2,2023-06,352.1,26.6,137.3,171.6,65218.59
F2,2023-07,308.2,25.4,159.6,153.79,63008.54
F2,2023-08,473.9,24,257.4,164.09,62284.73
F2,2023-09,284.2,29.6,219,111.57,66548.4
F2,2023-10,399.9,21.3,245.2,155.78,61106.55
F2,2023-11,372.5,26.1,97.9,154.02,52758.85
F2,2023-12,389.7,26.2,50.9,162.79,67671.23
F2,2024-01,480.9,25.9,76.3,168.44,57292.8
F2,2024-02,510.9,30.6,133.9,192.27,38425.83
F2,2024-03,483.8,28.7,88.4,215.62,61017.83
F2,2024-04,499.1,31,242.6,183.3,53945.27
F2,2024-05,366,26.8,152.2,174.07,62872.81
F2,2024-06,383.7,27,212.1,148.75,66424.61
F2,2024-07,333.4,28,190.6,164.66,86893.84
F2,2024-08,489.5,24.4,211.2,173.37,79763.96
F2,2024-09,389.3,28.3,149.7,196.12,58632.46
F2,2024-10,364.5,25,88,186.81,68201
F2,2024-11,308.5,25.3,65.2,129.41,71453.87
F2,2024-12,505.6,23,95.1,178.07,59637.07
F3,2014-01,471.1,26.6,51.9,147.57,53969
F3,2014-02,536.6,29,80.5,151.28,61887.7
F3,2014-03,602.9,27.4,90.6,203.35,41818.65
F3,2014-04,487.1,30.5,241.7,155.9,25845.13
F3,2014-05,360,28.2,207,168.19,64979.7
F3,2014-06,345.4,27.4,209.5,173.92,64754.69
F3,2014-07,367.3,24.9,244.4,206.76,56648.01
F3,2014-08,351.2,26,182.5,137.87,71688.51
F3,2014-09,338.1,24.3,252.5,204.21,58433.26
F3,2014-10,347.6,26.1,191.6,176.95,77452.63
F3,2014-11,471.5,27.3,75.3,190.02,25000
F3,2014-12,399.9,24.7,83.6,187.72,63450.14
F3,2015-01,475.5,23.8,112.1,184.84,61131.5
F3,2015-02,454.8,29.5,38,192.46,68272.28
F3,2015-03,458.1,33.4,70.9,163.6,50823.46
F3,2015-04,540.1,29.1,198.1,161.87,58753.42
F3,2015-05,335.3,27.5,124.8,170.14,76267.19
F3,2015-06,440.6,27,171.1,166.8,70070.1
F3,2015-07,325.9,24.5,210.7,126.76,59721.63
F3,2015-08,359.3,25.2,253.8,133.94,36237.96
F3,2015-09,449.2,27,213.4,159.15,62173.01
F3,2015-10,387.1,24.6,169.3,126.96,49212.7
F3,2015-11,465.6,24,65.8,166.63,78396.08
F3,2015-12,250,28.4,93.1,184.16,63498.24
F3,2016-01,446.5,26.6,89.1,155.1,34543.54
F3,2016-02,350.3,35.4,57.1,150.81,70989.74
F3,2016-03,609,32.6,87.1,175.09,45842.24
F3,2016-04,593.8,29.5,145.3,153.61,49602.2
F3,2016-05,451.2,28.3,108.2,192.53,43635.5
F3,2016-06,471.6,23.8,179.5,150.71,53547.65
F3,2016-07,410.5,25.7,202.5,165.82,34748.43
F3,2016-08,421.4,27.9,159.7,207.83,53068.56
F3,2016-09,321.9,23.7,197.7,170.13,53454.21
F3,2016-10,320.9,25.8,194.5,133.92,54675.19
F3,2016-11,512.9,26.5,68.1,177.39,58390.47
F3,2016-12,374.5,22.9,79,173.67,42295.61
F3,2017-01,412.7,26.5,101.5,159.15,48183.24
F3,2017-02,438.2,29.7,57.6,150.41,71218.65
F3,2017-03,394.2,30.5,48.5,184.28,76514.39
F3,2017-04,445.9,27.5,297.9,242.89,37455.45
F3,2017-05,395.8,26.9,212.7,175.6,50017.72
F3,2017-06,461,25.8,243.7,192.52,59229.09
F3,2017-07,376.4,28.5,111.3,155.49,63607.07
F3,2017-08,465,31.4,79,168.9,64283.31
F3,2017-09,449.7,27.3,226.1,165.91,57971.19
F3,2017-10,491,30.7,250.2,169.63,54172.22
F3,2017-11,426.2,27.9,92.5,155.06,77180.84
F3,2017-12,471,24.2,59.4,189.06,67696.28
F3,2018-01,460.7,27,84.5,158.12,70456.54
F3,2018-02,490.6,31.2,93.6,173.6,59639.58
F3,2018-03,383.8,26.7,37.2,187.3,60452.86
F3,2018-04,483.3,29.1,230.4,186.42,61237.69
F3,2018-05,336,24.6,191.9,151.2,72442.12
F3,2018-06,285.1,25.5,190.3,171.58,60347.08
F3,2018-07,339,28.4,117.4,173.68,87007.67
F3,2018-08,333.6,26.4,261.9,186.87,68391.74
F3,2018-09,415.8,28.7,211.8,159.82,59616.39
F3,2018-10,413.6,24.6,111.5,157.48,60230.68
F3,2018-11,337.3,23.9,89.1,152.66,50128.25
F3,2018-12,444,23.3,63.9,190.55,50044.19
F3,2019-01,493.7,27.9,66.8,167.94,63980.44
F3,2019-02,507.7,25.1,58.3,209.31,78541.96
F3,2019-03,433.4,30.4,71.8,214.08,57908.31
F3,2019-04,477.5,30,177.5,178.99,41689.31
F3,2019-05,490.6,25.7,174.6,163.6,54050.07
F3,2019-06,539.1,25.3,224.1,183.41,43922.14
F3,2019-07,365.6,27.6,122.3,186.2,76127.64
F3,2019-08,317,29.1,131.6,163.43,69047.81
F3,2019-09,270,25.7,172.8,172.38,37120.21
F3,2019-10,301.7,25.6,143.3,218.25,71769.06
F3,2019-11,553.2,25.5,69.6,174.33,75804.19
F3,2019-12,541.6,26.2,55.5,183.46,68877.21
F3,2020-01,228.9,24.9,62.9,194.87,74830.04
F3,2020-02,364.3,31.3,43,197.24,35352.17
F3,2020-03,482,29.9,56.1,212.63,56914.09
F3,2020-04,316.5,28.7,167.5,178.21,63697.57
F3,2020-05,340.5,29.2,135.1,158.34,74810.02
F3,2020-06,235.6,25.4,196.2,142.08,91343.08
F3,2020-07,254.1,27.2,201.9,166.63,57294.12
F3,2020-08,269.8,21.6,268.6,128.78,56000.22
F3,2020-09,295.5,26.7,222.4,168.14,90364.64
F3,2020-10,341.7,26.4,131.8,187.7,60287.22
F3,2020-11,368.8,23.5,68.3,180.45,82261.74
F3,2020-12,227.4,25.4,77.1,139.82,69067.73
F3,2021-01,243.3,27.4,79.4,165.48,54624.9
F3,2021-02,443.1,31.5,57,171.41,35951.09
F3,2021-03,449.4,32,32.7,156.53,60214.1
F3,2021-04,456.3,29.2,152.3,211.39,99513.33
F3,2021-05,397.5,23.3,155.1,199,54586.63
F3,2021-06,213.1,26.8,26.4,148.72,66658.2
F3,2021-07,418.5,26.4,69.8,156.64,45717.32
F3,2021-08,303.9,26.2,221.1,167.43,25000
F3,2021-09,262.7,23.8,145.6,154.14,56224.04
F3,2021-10,328,23.9,256.7,173.72,42968.09
F3,2021-11,336.7,28.8,58,160.27,67204.57
F3,2021-12,231.4,27.1,58.6,144.16,71894.02
F3,2022-01,333.5,26.5,62.3,173.14,76229.13
F3,2022-02,523.1,31.6,89.9,181.55,70148.97
F3,2022-03,467.6,31.1,59.3,208.75,69504.17
F3,2022-04,419.7,25.2,204.4,175.75,81666.31
F3,2022-05,373.7,26.9,197,181.5,67509.99
F3,2022-06,423.9,26,202.5,165.24,64035.36
F3,2022-07,364.9,28.8,212.2,152.74,70402.18
F3,2022-08,368.6,28.1,180.4,192.23,89020.59
F3,2022-09,326.6,24.7,203.5,142.95,37164.61
F3,2022-10,359.7,24.7,255.6,155.93,73979.7
F3,2022-11,361.8,24.7,106.3,159.03,62400.27
F3,2022-12,383.3,28.2,80,200.41,52578.29
F3,2023-01,365.6,24.9,64.1,169.03,60491.95
F3,2023-02,505.1,29.5,0,153.08,46057.34
F3,2023-03,387.6,28.7,40.1,169.92,63109.01
F3,2023-04,418,28.6,203.5,179.07,55925.17
F3,2023-05,465.4,28.7,283.7,190.27,36375.31
F3,2023-06,427.1,27.3,246.3,181.03,65108.84
F3,2023-07,414.3,23.3,219.5,203.91,60656.7
F3,2023-08,442.8,25.3,187.2,192.49,54988.84
F3,2023-09,469.5,24,228.2,167.18,64748.1
F3,2023-10,373.7,22.8,209.5,204.99,80721.81
F3,2023-11,453.6,27.4,44.2,181.36,49520.93
F3,2023-12,412.3,29.4,52.6,158.4,63591.07
F3,2024-01,444.5,26.9,80,174.14,81255.31
F3,2024-02,433.6,30.3,83.6,193.08,71497.01
F3,2024-03,501.7,30.6,35.6,202.82,92120.75
F3,2024-04,427.1,31.7,162.5,200.77,62763.72
F3,2024-05,305.1,22.5,176,131.61,59792.43
F3,2024-06,474.3,25,165.5,156.02,52614.63
F3,2024-07,493.5,23.9,227.1,189.36,55030.37
F3,2024-08,378.2,23.8,169.4,127.1,67992.5
F3,2024-09,474.3,25.1,252.4,164.9,58118.19
F3,2024-10,421.6,26.2,216.4,191.3,27896.01
F3,2024-11,499.4,26,42,179.65,66301.42
F3,2024-12,298.1,30.1,82.1,150.24,68021.68
F4,2014-01,352.8,27.5,49.3,188.37,41314.24
F4,2014-02,344.4,28.6,71.1,238.53,66494.4
F4,2014-03,472.5,28.9,42.4,231.77,36210.25
F4,2014-04,510.7,33.7,106,137.29,60050.63
F4,2014-05,414.1,27.8,216.4,151.66,54964.04
F4,2014-06,317.1,26.9,160.5,187.17,56480.69
F4,2014-07,382.5,23.1,201.9,154.7,90429.43
F4,2014-08,327.1,23.8,247.9,175.61,86379.31
F4,2014-09,406.1,26.8,218.6,166.26,56416.31
F4,2014-10,467.6,26.7,271.5,154,59047.13
F4,2014-11,472.1,25.1,94.7,188.81,67442.47
F4,2014-12,298,26.4,70.9,194,52621.46
F4,2015-01,306.4,27.2,32.5,140.58,57198.42
F4,2015-02,508.3,33.5,57.6,185.82,91652.03
F4,2015-03,443.5,33,75.4,198.29,71266.96
F4,2015-04,517,27.7,231.2,175.59,67932.47
F4,2015-05,455.9,25.8,207.5,176.23,85499.36
F4,2015-06,454.7,26.4,253.6,168.15,41743.19
F4,2015-07,307.8,27.9,150.6,154.3,54442.38
F4,2015-08,364.7,26,129.7,174.45,52809.95
F4,2015-09,412.2,25.2,257.8,187.09,43620.99
F4,2015-10,381.5,26.3,244.5,153.65,50856.48
F4,2015-11,444.5,27.4,49.7,145.35,68284.5
F4,2015-12,335.1,24.6,82.5,151.01,81521.02
F4,2016-01,362.4,25.9,60.8,138.7,61430.16
F4,2016-02,534.8,31.4,64.7,196.7,64742.34
F4,2016-03,390.9,26.9,79.4,202.25,44749.75
F4,2016-04,531,29.9,187.8,211.64,40316.71
F4,2016-05,484.6,28.7,231.1,210.4,74501.41
F4,2016-06,550.8,29.3,216.5,162.97,83451.2
F4,2016-07,366.9,29.1,159.1,173.18,56902.79
F4,2016-08,503.4,23.1,228,182.51,73278.47
F4,2016-09,426.6,26.2,170.4,193.42,68374.38
F4,2016-10,399.9,26,192,190.23,80122.14
F4,2016-11,391,25,55.2,177.47,54034.44
F4,2016-12,348.2,27.9,106.4,201.08,72809.64
F4,2017-01,462.8,26.9,78.3,231.24,43452.26
F4,2017-02,579.6,26.7,63.7,155.22,76693.59
F4,2017-03,525.4,29.7,53.9,205.98,66431.86
F4,2017-04,518.2,29.7,182.9,195.77,61121.64
F4,2017-05,297,25.8,259.6,166.07,56912.11
F4,2017-06,307.3,25.6,162.7,135.96,53057.76
F4,2017-07,345.3,28.1,169.4,162.96,48450.06
F4,2017-08,347.5,25.1,135.2,162.41,64980.98
F4,2017-09,330,25.2,244.1,153.03,68596.92
F4,2017-10,425.2,25.3,110.7,146.69,60270.62
F4,2017-11,395.1,27.6,41.5,153.34,73730.85
F4,2017-12,372.6,25.8,59,180.84,84617.39
F4,2018-01,484.3,27.4,92.6,131.45,55816.75
F4,2018-02,480.8,29.9,86.9,214.94,59069.94
F4,2018-03,494.7,29.3,89,184.52,56349.24
F4,2018-04,528.9,33.8,185,195.91,37250.36
F4,2018-05,289.5,23.7,273.8,175.82,46370.25
F4,2018-06,344.2,26.9,164.2,147.9,63308.12
F4,2018-07,377,25,260.9,153.1,66023.41
F4,2018-08,314.8,27,223.4,178.17,55382.87
F4,2018-09,309,24.2,158.1,177.5,80310.29
F4,2018-10,334.7,25.7,234.4,169.38,46354.75
F4,2018-11,345.5,24.7,51.3,187.8,83865.29
F4,2018-12,349.6,25.9,65.9,159.48,80825.07
F4,2019-01,288.1,26.8,62.3,147.8,96150.73
F4,2019-02,479.4,30,74.4,191.13,52317.81
F4,2019-03,336.8,29.6,94,183.97,63737.68
F4,2019-04,449.6,28.4,155.3,218.58,50775.74
F4,2019-05,368,25.1,216.3,206.97,57366.54
F4,2019-06,493.9,26.2,233.4,155.95,41929.6
F4,2019-07,400.4,26.4,225.3,189.71,73037.32
F4,2019-08,385,24.2,177.2,189.83,75575.66
F4,2019-09,266.6,23.4,145.6,162.15,74948.56
F4,2019-10,306.6,27.3,176.7,148.09,64475.88
F4,2019-11,394.7,27,68.9,137.39,78089.92
F4,2019-12,526.5,26.9,85.5,181.32,70485.2
F4,2020-01,282.5,23.8,82.7,188.83,47632.29
F4,2020-02,311.2,28.9,57.8,186.33,85690.02
F4,2020-03,359.4,29.9,31.8,183.49,78955.6
F4,2020-04,439.2,31.1,157.7,179.23,72889.71
F4,2020-05,365.2,26.2,193.9,165.02,66350.13
F4,2020-06,418.7,22.5,304,163.54,66759.83
F4,2020-07,288.1,29.8,179.3,135.14,66443.45
F4,2020-08,295.9,21.7,221.7,136.11,50449.95
F4,2020-09,379.3,20.3,124,171.14,48116.87
F4,2020-10,266.3,26.8,88.2,160.2,89357.62
F4,2020-11,267.1,24.7,20.2,186.62,57977.99
F4,2020-12,362.6,26.5,55.9,167.35,50545.7
F4,2021-01,325.4,25.3,93.2,143.53,43960.7
F4,2021-02,317.7,32.3,34.3,178.36,55007.09
F4,2021-03,459.5,29.4,46,207.81,65303.22
F4,2021-04,408,32.7,187.2,183.46,87270.93
F4,2021-05,357.5,26.5,185.1,188.62,57212.31
F4,2021-06,337.2,25.9,215.5,121.33,71395.68
F4,2021-07,336,24.6,275.4,153,84742.21
F4,2021-08,365.5,24.5,253.5,138.58,68585.85
F4,2021-09,285.8,28.5,87.6,173.25,57085.96
F4,2021-10,294.1,28.1,162.2,195.16,54629.56
F4,2021-11,231.3,25.8,58.1,171.17,58661.49
F4,2021-12,431.6,22.5,69.2,180.39,44682.56
F4,2022-01,407,27.6,65.2,157.94,66483.94
F4,2022-02,538.6,28.6,79.4,187.79,46550.37
F4,2022-03,290.1,29.3,86.8,182.5,44421.84
F4,2022-04,508,27.5,118.4,177.87,66838.56
F4,2022-05,423.2,24.6,177,152.7,83516.94
F4,2022-06,317.8,27.1,157,149.96,48713.47
F4,2022-07,450,25,126.7,189.46,54367.59
F4,2022-08,351.2,27,259.1,146.06,73405.47
F4,2022-09,464.8,29.7,244.6,133.48,40287.81
F4,2022-10,389.3,22.3,288.3,162.55,66559.7
F4,2022-11,508.7,26.9,73.7,175.91,69951.72
F4,2022-12,308.7,27.2,55.5,188.01,66768.38
F4,2023-01,467.5,23.6,93.7,188.35,34193.32
F4,2023-02,406.9,31.8,106.6,202.37,40255.95
F4,2023-03,400.7,31.4,53.8,196.51,55707.47
F4,2023-04,459.8,29.6,94.3,186.29,55174.41
F4,2023-05,346.9,25.5,203.8,173.79,75111.66
F4,2023-06,440.9,26.4,137.3,154.54,60007.5
F4,2023-07,363,24.4,209.8,185.44,66619.61
F4,2023-08,383.8,26.5,163.3,172.23,62286.52
F4,2023-09,462.8,28.3,259.1,155.76,77801.02
F4,2023-10,447.1,25.5,271.8,193.3,41316.09
F4,2023-11,333.9,27.4,30.6,182.93,56764.99
F4,2023-12,345.3,27.8,52.5,144.05,48632.16
F4,2024-01,472.6,25.4,70.5,181.08,47074.45
F4,2024-02,517.2,25.7,70.6,183.4,56825
F4,2024-03,477.3,29.4,57.4,140.24,79154.48
F4,2024-04,431.9,27.6,216.9,166.93,77059.72
F4,2024-05,377.6,24.1,216.9,184.06,75535.87
F4,2024-06,478.6,26,241,146.36,66742.11
F4,2024-07,461.1,24,304.3,165.2,98320.29
F4,2024-08,314,24.3,167.9,173.92,46438.98
F4,2024-09,486.7,26.5,122.6,169.61,47434.36
F4,2024-10,469.1,27.7,146,201.8,68611.07
F4,2024-11,411.2,23.3,98,151.6,29618.73
F4,2024-12,448.6,25.3,86.2,149.47,78450.01
F5,2014-01,383.6,29.3,50.7,146.43,63270.38
F5,2014-02,389.5,29.8,50.4,164.99,60329.16
F5,2014-03,429.5,28.6,28.7,209.2,83752.16
F5,2014-04,379.6,34,144.1,193.45,67662.94
F5,2014-05,365.9,24.9,322.2,149.52,55802.84
F5,2014-06,319.9,27,151.8,171.62,49784.17
F5,2014-07,448.6,26.5,249.8,158.72,47756.74
F5,2014-08,383.4,27.7,203.9,154.59,53395.55
F5,2014-09,434.3,23.7,188.9,199.78,94071.75
F5,2014-10,372.5,27,179.8,181.19,47797.04
F5,2014-11,423.7,25,68,172.52,56662.88
F5,2014-12,375.9,24.7,110.9,144.71,82939.45
F5,2015-01,441.7,24.8,72.6,159.36,50889.68
F5,2015-02,497.8,30.9,68.5,195.05,80767.98
F5,2015-03,552.5,32.2,78.9,188.04,94086.52
F5,2015-04,435.3,31.1,244.5,192.91,50788.16
F5,2015-05,327.6,29.2,207,174.7,41755.11
F5,2015-06,360.9,25,189.5,167.45,51590.89
F5,2015-07,370.6,30.1,53.5,173.78,49084.91
F5,2015-08,391.2,26.3,200.5,173.13,75352.96
F5,2015-09,414.5,23.3,208.8,186.42,35435.93
F5,2015-10,332.4,26.6,206,189.56,28415.3
F5,2015-11,302.9,28.8,93.1,163.53,61655.84
F5,2015-12,412.7,24.2,80.1,163.46,56798.15
F5,2016-01,393.4,24.9,79.9,222.9,46537.63
F5,2016-02,516.9,31,43.8,159.45,34467.98
F5,2016-03,553.2,32.2,58.1,195.66,65095.86
F5,2016-04,387.8,30.3,214.1,145.8,76561.06
F5,2016-05,298.1,26,207.9,202.58,51273.27
F5,2016-06,445.7,25.6,141.3,192.85,34011.84
F5,2016-07,457.2,26.5,141,201.89,70184.2
F5,2016-08,451.2,25.9,159.4,137.57,66506.24
F5,2016-09,479.9,29.6,230.7,199.33,43326.3
F5,2016-10,372.8,24.9,198.2,133.05,61793.35
F5,2016-11,376.3,25.5,70,172.46,58303.08
F5,2016-12,387.4,26.5,44,181.59,25000
F5,2017-01,311.4,26.1,69.2,191.49,63365.09
F5,2017-02,585,29.4,88.1,164.6,64304.34
F5,2017-03,478.4,28.7,53.4,216.63,88805.51
F5,2017-04,368.2,30.1,138.9,214.79,54056.55
F5,2017-05,483.3,27.2,253.4,189.99,88549.39
F5,2017-06,505.4,27,237.7,150.53,75107
F5,2017-07,337,25.5,216.8,162.68,60002.8
F5,2017-08,474.4,23.7,257.5,154.4,76229.77
F5,2017-09,512.1,25.2,132.5,173.75,75065.65
F5,2017-10,524.8,27.5,165,150.28,55737.67
F5,2017-11,415.7,27.8,93.9,140.78,49691.6
F5,2017-12,369.4,28.6,34.4,139.14,50508.67
F5,2018-01,522.1,24.7,81.9,156.14,37377.18
F5,2018-02,362.4,30,46.9,209.8,51195.51
F5,2018-03,547.7,31.4,62.5,198.46,64972.28
F5,2018-04,519.3,27.7,207.1,169.07,60436.54
F5,2018-05,508.1,24.8,249.5,144.84,70970.7
F5,2018-06,481.9,25.7,229.5,178.04,49170.55
F5,2018-07,348.5,28.3,242.3,171.46,61097.95
F5,2018-08,374.2,28.4,192.5,176.78,54987.95
F5,2018-09,518.6,26.4,132.8,175.3,79130.86
F5,2018-10,346.3,27.1,192.4,179.46,74059.91
F5,2018-11,458.7,28.8,50.4,176.65,73996.92
F5,2018-12,397.7,28.1,65.5,189.93,49055.03
F5,2019-01,314.9,25.4,49.5,170.79,38461.36
F5,2019-02,418.2,30.6,43.7,250,94618.74
F5,2019-03,463.3,29.8,66.4,154.27,50669.48
F5,2019-04,488.8,31,229.1,207.16,47577.06
F5,2019-05,419.1,26.3,99.1,170.42,56574.92
F5,2019-06,287.8,23.2,231,155.71,67819.2
F5,2019-07,387.1,26.3,216.1,149.16,41497.54
F5,2019-08,346.3,28.9,125.5,195.06,53276.63
F5,2019-09,469.3,22.1,165.4,170.56,56813.57
F5,2019-10,506.3,26,275.2,153.74,72349.2
F5,2019-11,480.2,26,74.5,158.75,38682.7
F5,2019-12,496.4,24.9,59.7,154.36,48604.45
F5,2020-01,227.8,26.9,34.6,155.05,44155.08
F5,2020-02,393,28.2,48.8,177.27,79549.17
F5,2020-03,400.1,30.4,65.9,185.86,47216.98
F5,2020-04,235,31.9,126.9,202,30472.44
F5,2020-05,252.4,28.6,239.5,152.47,54257.74
F5,2020-06,317.5,25.2,193.8,177.59,64039.42
F5,2020-07,281.2,24.9,265.7,177.69,77728.37
F5,2020-08,272.7,25.6,224,153.5,54036.63
F5,2020-09,214.7,28.4,177.8,153.77,84131.71
F5,2020-10,248.7,28.2,241.4,147.06,67404.82
F5,2020-11,274.1,27.6,63.4,175.8,39063.16
F5,2020-12,239.5,24.6,81.8,157.06,56765.86
F5,2021-01,300.7,25.6,79.5,155.29,62098.31
F5,2021-02,326.2,27.2,89.9,209.54,50207.87
F5,2021-03,309.3,30.5,89,187.88,32343.1
F5,2021-04,405.4,29.9,155.5,234,65970.42
F5,2021-05,396.2,22.2,160,195.45,55010.14
F5,2021-06,316.6,25.8,254.7,159.34,79374.53
F5,2021-07,329.2,24.5,229.3,152.57,46737.62
F5,2021-08,354.2,26.1,70.6,140.5,57801.62
F5,2021-09,316.7,26.9,248,209.84,32093.28
F5,2021-10,350.1,24.9,243.2,193.86,51755.93
F5,2021-11,369.8,21.2,58.1,167.2,41877.32
F5,2021-12,366.7,26.6,65,195.67,31849.22
F5,2022-01,500.6,29.8,55.4,173.4,34658.14
F5,2022-02,463.6,29.3,73.9,167,65199.54
F5,2022-03,582.7,27,99.2,192.48,40882.61
F5,2022-04,540.2,32.2,219,148.84,65343.25
F5,2022-05,518.7,26.2,129.4,154.51,34662.25
F5,2022-06,509.1,22,176.4,170.09,72298.32
F5,2022-07,245,24.3,259.2,163.59,84650.67
F5,2022-08,493.6,24.3,218,217.82,65656.38
F5,2022-09,371.2,22.8,195,182.67,60339.46
F5,2022-10,313.3,24,129.7,193.55,56811.32
F5,2022-11,373.1,22.8,59.6,141.53,32222.36
F5,2022-12,363.8,24.6,85.7,174.35,55100.65
F5,2023-01,466,28,75.6,141.68,42732.69
F5,2023-02,488.5,28.4,13.2,189.55,49666.72
F5,2023-03,499.7,31.5,74.1,181.7,70510.51
F5,2023-04,486.4,29.8,340.7,199.21,62922.64
F5,2023-05,401.3,26.4,149,198.53,64933.99
F5,2023-06,350.5,26.5,242,150.17,50506.8
F5,2023-07,407.9,26.6,209.5,158.48,57551.6
F5,2023-08,268.3,27.1,281,162.74,29888.15
F5,2023-09,328.5,25.4,180.6,199.43,54544.45
F5,2023-10,448.2,25.9,202.5,187.19,61197.02
F5,2023-11,331.8,25.2,92.8,178.35,68379.76
F5,2023-12,403.6,24.2,66.5,181.91,51151.58
F5,2024-01,348,26.1,67.4,148.21,78182.38
F5,2024-02,427.9,32.1,60.1,176.48,43584.53
F5,2024-03,468.7,32.8,58.2,205,57821.23
F5,2024-04,438,27.5,184,192.39,50468.65
F5,2024-05,361.8,28,284.2,203.12,56354.08
F5,2024-06,345.8,28.1,200.1,173.08,59364.47
F5,2024-07,500.6,20.6,203.3,202.77,65719.64
F5,2024-08,298.3,23,215.6,154.68,59482.17
F5,2024-09,491.3,28.6,90.1,160.45,50252.6
F5,2024-10,372.6,26,204.2,192.92,58530.2
F5,2024-11,355.4,24.8,51,155.76,36857.95
F5,2024-12,459,25,66.8,143.42,59082.17
